"120","Appetizers","Apricot & Cucumber Soup","<TABLE cellSpacing=2 cellPadding=3 border=0><TBODY><TR><TD><P>6 oz Dried apricots <P>1 1/2 pt Vegetable stock <P>1 ea Orange, juiced &amp; rind grated <P>1 md Cucumber <P>1 md Onion, finely chopped <P>1 tb Vegetable oil <P>2 ts Curry powder <P>Salt &amp; pepper 2 tb Pumpkin seeds, to garnish <P>Soak the apricots in the stock with the grated orange rind for 2 to 3 hours. Add the orange juice &amp; simemr for 45 minutes. Cut 8 thin slices from the cucumber &amp; reserve for garnish. Peel &amp; roughly chop the remainder. Fry the onion in the oil over medium heat for 3 to 4 minutes, stirring once or twice. Stir in the curry powder &amp; chopped cucumber &amp; cook for 2 minutes. Puree the apricots with the stock &amp; the cucumber mixture. Return to the pan &amp; heat gently. Season with salt &amp; pepper. Serve the soup garnished with floating slices of cucumber topped with the pumpkin seeds. Black rye bread makes a good accompaniment. Pamela Westland, ""Fruit"" <BR><BR></P></TD></TR></TBODY></TABLE>"
"121","Appetizers","Apricot Raisin Spread Davis","<TABLE cellSpacing=2 cellPadding=3 border=0><TBODY><TR><TD><P>8 oz Cream cheese, cut into bits <P>-softened 1/2 c Apricot jam <P>1/2 c Golden raisins <P>-walnut halves, garnish In a food processor blend together the cream cheese and the jam until the mixture is smooth; add the raisins and pulse the motor until the mixture is just combined. Transfer the spread to a ramekin or small decorative bowl and chill it for 1 hour. Garnish the spread with the walnut halves and serve it with crackers. Makes about 1 1/2 cups. <BR><BR></P></TD></TR></TBODY></TABLE>"
"122","Appetizers","Arame-Stuffed Mushroom Caps","<TABLE cellSpacing=2 cellPadding=3 border=0><TBODY><TR><TD><P>1 c EDEN Arame <P>-- rinsed and soaked 18 lg Fresh mushrooms <P>1 ts EDEN Sesame Oil <P>1 md Onion <P>1/4 c EDEN Mirin <P>1 Lemon, juiced <P>2 tb EDEN Shoyu or Tamari <P>1 ts Ginger juice <P>- (grate ginger and - squeeze out juice) Fresh parsley, minced ---------------------------------TO GARNISH--------------------------------- Red pepper or lemon slice Soak Arame for 10 minutes. Rinse well and drain. Rinse mushrooms and remove stems. Place in baking dish. Dice stems and set aside. Place Arame with soaking water in small sauce pan. If necessary add more water to cover. Bring to boil and simmer for 15 minutes. Drain. Squeeze out liquid from Arame and mince. Heat oil in small pan and saute onion and mushroom stems for 3-5 minutes. Add Arame. Combine Mirin, Shoyu, lemon, and ginger juice. Pour half over Arame mixture and simmer until liquid evaporates. Stuff mushroom caps with Arame mixture; pour remaining marinade over mushroom caps. Cover and bake at 350 F for 20-25 minutes. Garnish. Be careful not to overcook; mushrooms will shrink. by Mary Estelle Prep Time: 40 minutes Yield: 6 Servings Sea vegetables ran be added to soups or salads, cooked alone or with other vegetables, and even brewed into teas. Their versatility in the kitchen is as wide as the ocean. When dried, the succulence and qualify of sea vegetables is not as apparent as when fresh, so it is important to choose a brand you can trust. Eden (TM) brand sea vegetables are the highest quality available, harvested from clean Northern waters. Copyright 1995 Eden Foods, Inc. <ELECTRONIC Mintzias Karen of: courtesy format><BR><BR></P></TD></TR></TBODY></TABLE>"
"123","Appetizers","ARMADILLO EGGS","<TABLE cellSpacing=2 cellPadding=3 border=0><TBODY><TR><TD colSpan=3><B>Ingredients</B></TD><!-- spanned cell --><!-- spanned cell --><TD></TD></TR><TR><TD class=ingredient>2</TD><TD class=ingredient>pound</TD><TD class=ingredient>monterey jack cheese </TD><TD></TD></TR><TR><TD class=ingredient>2</TD><TD class=ingredient>pound</TD><TD class=ingredient>sharp cheddar cheese </TD><TD></TD></TR><TR><TD class=ingredient>2</TD><TD class=ingredient>pound</TD><TD class=ingredient>hot pork sausage </TD><TD></TD></TR><TR><TD class=ingredient>1/2</TD><TD class=ingredient>cup</TD><TD class=ingredient>bisquick mix </TD><TD></TD></TR><TR><TD class=ingredient>1</TD><TD class=ingredient>each</TD><TD class=ingredient>egg </TD><TD></TD></TR><TR><TD class=ingredient>1</TD><TD class=ingredient>pk</TD><TD class=ingredient>pork flavor shake 'n bake </TD><TD></TD></TR><TR><TD class=ingredient>20</TD><TD class=ingredient>each</TD><TD class=ingredient>whole jalapeno peppers </TD><TD></TD></TR><TR><TD></TD><TD></TD><TD></TD><TD></TD></TR><TR><TD colSpan=4><BR><B>Directions:</B><BR><BR></TD><!-- spanned cell --><!-- spanned cell --><!-- spanned cell --></TR><TR><TD colSpan=4>Slice peppers in half lengthwise and scrape out all the seeds (wear gloves). Try to keep both halves near each other as you have to put them back together later. <BR><BR>Mix bisquick, raw sausage &amp; cheddar cheese. Stuff each pepper with Monterey Jack cheese and put the halves back together. Grab a handful of bisquick mixture and mold around pepper in shape of elongated egg. Use enough to cover pepper well. <BR><BR>Dip armadillo egg in beaten egg and roll in Shake 'n Bake. Bake on broiler pan (can use cookie sheet) at 350 degrees for 25 minutes or until crisp.<BR><BR></TD><!-- spanned cell --><!-- spanned cell --><!-- spanned cell --></TR></TBODY></TABLE>"
"124","Appetizers","Artichaud Dieppoise!","<TABLE cellSpacing=2 cellPadding=3 border=0><TBODY><TR><TD><P>1/2 tb Oil <P>2 tb Green Onions(Chopped) <P>1 oz Crabmeat <P>1 oz Cream (Heavy - 32% M.F.) <P>1/2 ts Italian Herbs <P>1 Artichoke Bottom (cooked) <P>1/4 c Mushrooms (Sliced) <P>1 oz White Wine <P>1 pn Salt &amp; White Pepper <P>3 tb Hollandaise-recipe to <P>-follow -----------------------------SAUCE HOLLANDAISE----------------------------- 1 Egg Yolk <P>2 oz Butter (Melted) <P>Cayenne Pepper to taste 1/2 ts White Wine <P>1/8 ts Lemon Juice <P>Heat oil in a fry pan. Add onions, artichoke and mushrooms and saute until softened. Add crab, wine and herbs, cook over medium heat until wine has reduced by 2/3. Add cream and cook until sauce thickens to sauce consistency. Season with salt and white pepper. Sauce Hollandaise Place egg yolk in a stainless steel bowl, add wine. Place bowl over pot of water, rolling at a gentle simmer. Whisk mixture constantly until it starts to thicken. Remove bowl from heat, and SLOWLY whisk in melted butter. Finish with lemon juice. Assembly: Place Artichoke bottom in center of plate. Fill with crab mixture. Spoon hollandaise sauce over top. Brown with broiler in oven, if desired. <BR><BR></P></TD></TR></TBODY></TABLE>"
"125","Appetizers","Artichoke Appetizer","<TABLE cellSpacing=2 cellPadding=3 border=0><TBODY><TR><TD colSpan=3><B>Ingredients</B></TD><!-- spanned cell --><!-- spanned cell --><TD></TD></TR><TR><TD class=ingredient>4</TD><TD class=ingredient>each</TD><TD class=ingredient>eggs, beaten</TD><TD></TD></TR><TR><TD class=ingredient>2</TD><TD class=ingredient>pound</TD><TD class=ingredient>cheddar cheese, grated</TD><TD></TD></TR><TR><TD class=ingredient>12</TD><TD class=ingredient>oz</TD><TD class=ingredient>marinated artichokes, jars, cut-up</TD><TD></TD></TR><TR><TD class=ingredient>1</TD><TD class=ingredient></TD><TD class=ingredient>salt, to taste</TD><TD></TD></TR><TR><TD class=ingredient>1</TD><TD class=ingredient></TD><TD class=ingredient>pepper, to taste</TD><TD></TD></TR><TR><TD class=ingredient>1</TD><TD class=ingredient></TD><TD class=ingredient>tabasco, dash to taste</TD><TD></TD></TR><TR><TD class=ingredient>3</TD><TD class=ingredient>each</TD><TD class=ingredient>green onions, chopped fine</TD><TD></TD></TR><TR><TD class=ingredient>6</TD><TD class=ingredient>each</TD><TD class=ingredient>soda crackers, crushed</TD><TD></TD></TR><TR><TD class=ingredient>1</TD><TD class=ingredient>each</TD><TD class=ingredient>clove garlic, crushed</TD><TD></TD></TR><TR><TD></TD><TD></TD><TD></TD><TD></TD></TR><TR><TD colSpan=4><BR><B>Directions:</B><BR><BR></TD><!-- spanned cell --><!-- spanned cell --><!-- spanned cell --></TR><TR><TD colSpan=4>Saute onions and garlic in artichoke oil; then drain. Mix all<BR>ingredients and spread in greased 8x8 inch pan. Bake at 325 for 30 min.<BR>Can be baked, frozen and re-heated. This recipe was a great success<BR>at a party Christmas Eve.<BR><BR></TD><!-- spanned cell --><!-- spanned cell --><!-- spanned cell --></TR></TBODY></TABLE>"
"126","Appetizers","Artichoke Bottoms with Bay Scallops","<TABLE cellSpacing=2 cellPadding=3 border=0><TBODY><TR><TD><P>3/4 lb Scallops, bay, washed <P>1 c Bread crumbs, fresh, fine <P>3 tb Parsley, fresh, minced <P>1/2 ts Tarragon, dried <P>1/4 c Celery, minced <P>2 Garlic, cloves, minced <P>28 oz Artichoke bottoms, drained <P>(2-14 oz cans) Oil, canola, for brushing On grill rack Mix scallops, bread crumbs, parsley, tarragon, celery and garlic in a bowl. Gently mound filling into artichoke bottoms. Prepare grill. When coals are hot, set artichokes on grill rack, brushed with oil, about 4 to 6 inches from heat source. Cover grill. Cook stuffed artichokes for about 3 minutes or until scallops are opaque. Using a long-handled spatula, transfer artichoke bottoms to serving dish. Serve hot. <BR><BR></P></TD></TR></TBODY></TABLE>"
"127","Appetizers","Artichoke Croustades","<TABLE cellSpacing=2 cellPadding=3 border=0><TBODY><TR><TD><P>18 sl Soft white bread; crusts <P>-removed 3 tb Unsalted butter; melted <P>6 oz Marinated artichoke hearts <P>-drained &amp; finely chopped 3 tb Mayonnaise <P>1 tb Scallion; finely chopped <P>-chop some of tops/garnish 1/4 c Parmesan cheese; grated <P>1 tb Parmesan cheese; grated <P>Roll each bread slice flat with a rolling pin and trim it to form a 2 1/2"" square. Brush both sides of the squares lightly with the butter and fit th squares into gem muffin tins, pressing the bread against the sides of the tins. Bake the croustades in the middle of a preheated 350 deg. oven 12-14 minutes, oruntil the edges are pale golden. These may be made 2 days in advance &amp; kept in an airtight container. In a bowl stir together the artich hearts, mayonnaise, 1 tb of the scallion, 1/4 c of the Parmesan, and salt &amp; pepper to taste. Divide the mixture by heaping teaspoons among the croustad and sprinkle the remaining Parmesan on top. Broil the croustades under a preheated broiler about 6"" from the heat, being careful not to let the croustade edges burn, for 1 minute, or until the filling is bubbling. Garni the croustades with the scallion green and arrange 3 of them on each of 6 small plates. From Best of Gourmet 1992. <BR><BR></P></TD></TR></TBODY></TABLE>"
"128","Appetizers","ARTICHOKE DIP","<TABLE cellSpacing=2 cellPadding=3 border=0><TBODY><TR><TD colSpan=3><B>Ingredients</B></TD><!-- spanned cell --><!-- spanned cell --><TD></TD></TR><TR><TD class=ingredient>14</TD><TD class=ingredient>oz</TD><TD class=ingredient>artichoke hearts, 1 cn, *</TD><TD></TD></TR><TR><TD class=ingredient>1/4</TD><TD class=ingredient>cup</TD><TD class=ingredient>parmesan cheese, grated</TD><TD></TD></TR><TR><TD class=ingredient>1/4</TD><TD class=ingredient>cup</TD><TD class=ingredient>romano cheese, grated</TD><TD></TD></TR><TR><TD class=ingredient>1</TD><TD class=ingredient>cup</TD><TD class=ingredient>mozzarella cheese, shredded</TD><TD></TD></TR><TR><TD class=ingredient>1</TD><TD class=ingredient>each</TD><TD class=ingredient>garlic clove, small, minced</TD><TD></TD></TR><TR><TD class=ingredient>1/2</TD><TD class=ingredient>cup</TD><TD class=ingredient>mayonnaise</TD><TD></TD></TR><TR><TD class=ingredient>1</TD><TD class=ingredient></TD><TD class=ingredient>paprika</TD><TD></TD></TR><TR><TD></TD><TD></TD><TD></TD><TD></TD></TR><TR><TD colSpan=4><BR><B>Directions:</B><BR><BR></TD><!-- spanned cell --><!-- spanned cell --><!-- spanned cell --></TR><TR><TD colSpan=4>* The artichoke hearts should not be marinated artichoke Hearts. Just<BR>the plain ones.<BR><BR>Rinse and rain the artichoke hearts, then remove and discard the fuzzy<BR>chokes. Chop the artichoke hearts. Mix all of the ingredients, blending<BR>well and place in a greased 1 1/2 quart casserole. <BR><BR>Dust the top of the<BR>mixture lightly with paprika. Bake at 325 degrees F. for 25 minutes and<BR>serve hot in a chafing dish.<BR><BR>Makes about 3 cups of dip.<BR>SUGGESTED DIPPERS: French Or italian Bread, Water Crackers, Snow Peas,<BR>carrots, Salami Slices, Seafood Chunks<BR><BR><BR><BR></TD><!-- spanned cell --><!-- spanned cell --><!-- spanned cell --></TR></TBODY></TABLE>"
"129","Appetizers","Artichoke Dip 1","<TABLE cellSpacing=2 cellPadding=3 border=0><TBODY><TR><TD colSpan=3><B>Ingredients</B></TD><!-- spanned cell --><!-- spanned cell --><TD></TD></TR><TR><TD class=ingredient>1</TD><TD class=ingredient>cup</TD><TD class=ingredient>parmesan cheese </TD><TD></TD></TR><TR><TD class=ingredient>1</TD><TD class=ingredient>cup</TD><TD class=ingredient>mayonnaise </TD><TD></TD></TR><TR><TD class=ingredient>1 1/2</TD><TD class=ingredient>cn</TD><TD class=ingredient>artichoke hearts </TD><TD></TD></TR><TR><TD class=ingredient>1</TD><TD class=ingredient></TD><TD class=ingredient>garlic powder </TD><TD></TD></TR><TR><TD></TD><TD></TD><TD></TD><TD></TD></TR><TR><TD colSpan=4><BR><B>Directions:</B><BR><BR></TD><!-- spanned cell --><!-- spanned cell --><!-- spanned cell --></TR><TR><TD colSpan=4>Combine equal amounts parmesan cheese and mayonnaise. Add garlic<BR>powder. Add artichoke hearts and combine with cheese mixture. May be<BR>served cold or heated 10 to 20 minutes in 350F oven or until cheese is<BR>melted (do not heat in microwave). Serve with chips or as a spread on<BR>french bread.<BR><BR><BR><BR></TD><!-- spanned cell --><!-- spanned cell --><!-- spanned cell --></TR></TBODY></TABLE>"
"130","Appetizers","Artichoke Dip Ii","<TABLE cellSpacing=2 cellPadding=3 border=0><TBODY><TR><TD><P>1 cn Artichoke heats unmarinated <P>4 oz Green chiles <P>1 c Mayonnaise(no salad dressing <P>1 c Parmeasan cheese <P>Drain artichoke hearts and break apart. Cut up green chiles. Mix all ingredients together. Bake at 350F for 30 minutes. Serve wit tostada chips. <BR><BR></P></TD></TR></TBODY></TABLE>"
"131","Appetizers","Artichoke Dip Iii","<TABLE cellSpacing=2 cellPadding=3 border=0><TBODY><TR><TD><P>10 oz Frozen artichoke hearts <P>1 c Sour cream <P>1 c Mayonnaise <P>1/2 c Grated Parmesan cheese <P>PREHEAT OVEN TO 375F. Defrost artichoke hearts and drain. Mix together sour cream, mayonnaise and Parmesan cheese. Add artichoke hearts and mix thoroughly. Turn into a baking dish and bake until hot and bubbly. Makes 3 Cups <BR><BR></P></TD></TR></TBODY></TABLE>"
"132","Appetizers","Artichoke Hearts Vinaigrette","<TABLE cellSpacing=2 cellPadding=3 border=0><TBODY><TR><TD><P>28 oz Canned artichoke hearts <P>1/4 c Butter or margarine <P>Flour 1/3 c Butter or margarine, <P>-melted -Vinaigrette Dressing -(recipe) 1. Drain liquid from artichoke hearts and discard. <P>2. In a small, heat-resistant, non-metallic bowl melt the 1/4 cup butter or <P>margarine in Microwave Oven 30 seconds. 3. Dip artichoke hearts in melted butter and then lightly coat with flour. <P>4. Place the 1/3 cup melted butter or margarine in a 10-inch, <P>heat-resistant, non-metallic pie pan or non-metallic skillet. 5. Place flour-coated artichokes in melted butter and heat, uncovered, in <P>Microwave Oven 8 minutes. Turn artichoke hearts as needed to brown lightly. 6. While artichoke hearts are cooking, prepare Vinaigrette Dressing II (see <P>recipe). 7. Just before serving, pour dressing over artichoke hearts. <P><BR><BR></P></TD></TR></TBODY></TABLE>"
"133","Appetizers","Artichoke Pasta Salad","<TABLE cellSpacing=2 cellPadding=3 border=0><TBODY><TR><TD colSpan=3><B>Ingredients</B></TD><!-- spanned cell --><!-- spanned cell --><TD></TD></TR><TR><TD class=ingredient>1</TD><TD class=ingredient>cup</TD><TD class=ingredient>salad macaroni</TD><TD></TD></TR><TR><TD class=ingredient>6</TD><TD class=ingredient>oz</TD><TD class=ingredient>marinated artichoke hearts</TD><TD></TD></TR><TR><TD class=ingredient>4</TD><TD class=ingredient>pound</TD><TD class=ingredient>mushrooms, sliced</TD><TD></TD></TR><TR><TD class=ingredient>1</TD><TD class=ingredient>cup</TD><TD class=ingredient>halved cherry tomatoes</TD><TD></TD></TR><TR><TD class=ingredient>1</TD><TD class=ingredient>cup</TD><TD class=ingredient>med pitted ripe olives</TD><TD></TD></TR><TR><TD class=ingredient>1</TD><TD class=ingredient>tablespoon</TD><TD class=ingredient>parsley</TD><TD></TD></TR><TR><TD class=ingredient>2</TD><TD class=ingredient>teaspoon</TD><TD class=ingredient>dry basil</TD><TD></TD></TR><TR><TD></TD><TD></TD><TD></TD><TD></TD></TR><TR><TD colSpan=4><BR><B>Directions:</B><BR><BR></TD><!-- spanned cell --><!-- spanned cell --><!-- spanned cell --></TR><TR><TD colSpan=4>Cook macaroni according to package; drain well, rinse with cold water and<BR>drain again. Turn into a large bowl. Add artichokes and their liquid,<BR>mushrooms, cherry tomatoes, olives, parsley and basil; toss gently. <BR><BR>Cover and refrig for at least 4 hours. Before serving, season with salt and pepper to taste.<BR><BR><BR></TD><!-- spanned cell --><!-- spanned cell --><!-- spanned cell --></TR></TBODY></TABLE>"
"134","Appetizers","Artichoke Squares #1","<TABLE cellSpacing=2 cellPadding=3 border=0><TBODY><TR><TD><P>12 oz Canned Artichokes <P>1 Small Onion, Minced <P>4 Large Eggs <P>8 oz Mozzarella Cheese <P>1/4 c Dried Bread Crumbs <P>2 tb Chopped Parsley <P>1/4 ts Salt <P>1/4 ts Pepper <P>Non-Toxic Flowers To Garnish Drain liquid from 1 jar of artichokes into 1-puart saucepan. Drain liquid from second jar of artichokes and discard. Finely chop all artichokes; set aside. Grease 12 inch by 8 inch baking dish. In liquid in saucepan, over medium heat, cook minced onion until tender. In medium bowl, with fork, beat eggs until blended. Stir in cooked onion and chopped artichokes, mozzarella cheese, bread crumbs, parsley, salt and pepper. Spread mixture evenly in baking dish. If not baking right away, cover and refrigerate. ABOUT 1 HOUR BEFORE SERVING; Preheat oven to 325?F. Bake artichoke mixture 30 to 35 minutes until set and lightly browned. Cool 15 minutes in dish on <P>wire rack. With knife, cut lengthwise into 4 strips then cut each strip crosswise into 6 pieces. Arrange appetizer on platter; garnish and serve. MAKES 24 HORS D'OEUVRES. <BR><BR></P></TD></TR></TBODY></TABLE>"
"135","Appetizers","Artichoke Squares #2","<TABLE cellSpacing=2 cellPadding=3 border=0><TBODY><TR><TD><P>1 lg Onion <P>1 Garlic clove, minced <P>4 Eggs (beaten) <P>1/4 c Bread crumbs <P>2 Jars of artichoke hearts, <P>Chopped (not liquid) 1 1/2 ts Oregano <P>Salt, pepper to taste ds Tabasco 2 c Shredded cheddar cheese <P>Saute the onion and garlic in marinade from 1 jar of artichoke hearts. Beat the eggs and add bread crumbs, artichoke hearts (chopped), oregano, salt and pepper, Tabasco, onion and garlic mix, shredded cheddar cheese. Pour into a 9 x 13 inch or 7 x 11 inch pan; cook for 30 minutes at 325 degrees. <BR><BR></P></TD></TR></TBODY></TABLE>"
"136","Appetizers","Asian Crepinettes","<TABLE cellSpacing=2 cellPadding=3 border=0><TBODY><TR><TD><P>1 lb Ground Lamb <P>4 tb Fresh Asian or reg. Basil <P>- (finely chopped) 3 tb Minced Fresh Coriander <P>1 tb Finely chopped Ginger <P>2 ts Finely chopped Garlic <P>1 ts Salt <P>2 ts Sichuan Peppercorns <P>- roasted and ground 2 ts Coarse. chopped dried chiles <P>1 tb Light soy sauce <P>1 tb Dark soy sauce <P>2 tb Rice wine or dry sherry <P>2 ts Chinese sesame oil <P>1/2 lb Caul fat or crepinette <P>This is an Asian twist on a French appetizer. Caul fat can be ordered from your local butcher. SOAK THE CAUL FAT in a bowl of cold water; this will allow the caul fat to unravel easily. In a medium-sized bowl, mix the ground lamb with all the ingredients except the caul fat. Cut the caul fat into 20 (5-inch) squares. Lay out a square of caul fat and place several tablespoons of lamb mixture onto one end. Fold the sides in to form a package. Repeat until you have used up all the lamb. Recipe can be done ahead to this point and refrigerated. Wrap the crepinettes well in plastic wrap and refrigerate. Approximately 40 minutes before you are ready to cook, make a charcoal fire and, when the coals are ash white, grill the crepinettes for about 8 minutes on each side, or until they are done (firm to the touch). Makes 6 to 8 Servings <BR><BR></P></TD></TR></TBODY></TABLE>"
"137","Appetizers","Asparagi Di Campo (Cold Marinated Asparagus)","<TABLE cellSpacing=2 cellPadding=3 border=0><TBODY><TR><TD><P>3/4 sm Onion, minced <P>Salt 1 1/2 ts Capers, rinsed &amp; chopped <P>1 ts Lemon juice <P>Salt &amp; pepper 1 ea Mint leaf <P>1 lb Thin asparagus <P>Place onion &amp; salt in a bowl large enough to hold the asparagus. Mix well &amp; let steep for 30 minutes. Add the capers, lemon juice &amp; mint leaf &amp; marinate for at least 1 hour. Mix thoroughly from time to time. Meanwhile, bring an asparagus cooker to a boil &amp; cook the asparagus until tender but still crisp, about 3 minutes. Drain. Toss the still warm asparagus with the marinade &amp; add salt &amp; pepper. Toss gently &amp; serve. <BR><BR></P></TD></TR></TBODY></TABLE>"
"138","Appetizers","Asparagus Almondine","<TABLE cellSpacing=2 cellPadding=3 border=0><TBODY><TR><TD><P>1/4 c Finely chopped almonds <P>1/2 c Butter <P>1 t Tarragon vinegar <P>20 oz Frozen asparagus spears, <P>-cooked and drained 1. In a small, heat-resistant, non-metallic bowl, place almonds and butter. <P>2. Heat, uncovered, in Microwave Oven 1 1/2 minutes or until nuts are <P>lightly browned. 3. Stir in vinegar. <P>4. Pour sauce over hot or cooled asparagus. <P><BR><BR></P></TD></TR></TBODY></TABLE>"
"139","Appetizers","Asparagus and Crabmeat Salad","<TABLE cellSpacing=2 cellPadding=3 border=0><TBODY><TR><TD><P>1 c Mayonnaise <P>1 tb Lemon juice - fresh <P>1 1/2 ts Tomato paste <P>1 1/2 ts Shallot - minced <P>1/2 ts Dijon mustard <P>1/4 ts Pepper <P>1 lb Asparagus - trimmed <P>8 oz Crabmeat - cooked <P>4 lg Boston lettuce leaves - or <P>-butter lettuce leaves Calories per serving: Number of Servings: 4 Fat grams per serving: Approx. Cook Time: Cholesterol per serving: Marks: *DIRECTIONS* Whisk mayonnaise, lemon juice, tomato paste, shallot, Dijon mustard and pepper in medium bowl. Cover and refrigerate until ready to use. (Can be prepared 3 days ahead.) Cook asparagus in large pot of boiling salted water until crisp-tender, about 4 minutes. Transfer to bowl of ice water and cool. Drain and pat dry. mix crabmeat into mayonnaise. Season to taste with salt. Arrange 1 lettuce leaf on each plate. Top with asparagus. Spoon crabmeat mayonnaise over and serve. Bon Appetit, April, 1991. <BR><BR></P></TD></TR></TBODY></TABLE>"
"140","Appetizers","Asparagus Salad","<TABLE cellSpacing=2 cellPadding=3 border=0><TBODY><TR><TD><P>3 cn Whole green asparagus,17 oz <P>Each, vertically packed Lettuce leaves Homemade mayonnaise, or Commercial mayonnaise -thinned with Light cream 2 Hard cooked eggs, sieved <P>1. Drain asparagus, trying to keep spears whole. <P>2 Place lettuce leaves on 8 salad plates and arrange asparagus on <P>lettuce leaves, or asparagus may be placed in a vegetable bowl. 3. Place a spoonful of mayonnaise over asparagus. <P>4. Garnish with hard cooked egg. <P>5. Chill before serving. <P><BR><BR></P></TD></TR></TBODY></TABLE>"
"141","Appetizers","Asparagus Salad with Vinaigrette Chinoise","<TABLE cellSpacing=2 cellPadding=3 border=0><TBODY><TR><TD><P>1 lb Thin asparagus, end trimmed <P>-and stalks peeled to the -tip, if thick 1/2 Head red-leaf lettuce <P>1/4 c Rice wine vinegar <P>2 tb Soy sauce <P>1/2 ts Sugar <P>1/4 ts Dried red pepper flakes <P>3 tb Corn oil <P>4 ts Sesame seed oil <P>Coarse salt 1 ts Unsalted butter <P>1/4 c Raw sunf"
"142","Appetizers","Asparagus with Hazelnuts & Tarragon Vinaigrette","<TABLE cellSpacing=2 cellPadding=3 border=0><TBODY><TR><TD><P>1 lb Fresh asparagus, trimmed <P>1/4 c Minced shallots <P>3 tb Tarragon-white wine vinegar <P>4 ts Chopped fresh tarragon OR <P>1 1/4 ts Dried tarragon <P>1 ts Dijon mustard <P>7 tb Hazelnut oil, walnut oil <P>-or olive oil 4 c Baby lettuces or inner <P>-leaves of curly endive 1/4 c Hazelnuts, toasted, husked, <P>-coarsely chopped Pour water into large pot to depth of 1 inch and bring to boil. Place asparagus on steamer rack set over water in pot. Cover pot and steam until asparagus is cresp-tender, about 4 minutes. Transfer asparagus to bowl of ice water and cool. Drain. Place asparagus on paper towls. (Can be prepared 6 hours ahead. Cover and refrigerate.) Combine shallots, vinegar, tarragon and mustard in bowl. Gradually whisk in oil. Season to taste with salt and pepper. Place baby lettuces on large platter. Arrange asparagus atop lettuces. Drizzle with vinaigrette. Sprinkle with hazelnuts. From The Loire Valley Bon Appetit/May 94 Typed by Didi Pahl <BR><BR></P></TD></TR></TBODY></TABLE>"
"143","Appetizers","Asparagus Wrap","<TABLE cellSpacing=2 cellPadding=3 border=0><TBODY><TR><TD><P>10 Asparagus Spears <P>2 tb Dijon Mustard <P>1 tb Reduced-Calorie Mayonnaise <P>10 sl Bologna (large) <P>Trim the bottom end of the asparagus and blanch with boiling water. Blend the mustard and mayonnaise in a small bowl. Divide and spread the mustard mixture evenly on the large bologna slices. Wrap one asparagus spear in each bologna slice. Place the slices in a single layer on a round microwave platter or plate. Cover lightly with paper towels. With the microwave on MEDIUM, cook for 1 minute or until hot; rotate the plate one-half turn after 30 seconds. One Serving: Calories: 86 Carbohydrates: 2 Exchange: 1 high-fat meat Source: Diabetic Microwave Cookbook, by Mary Jane Finsand Sterling Publishing (1989), ISBN 0-8069-6957-1, ISBN 0-8069-6960-1 (pbk.) Shared by: Norman R. Brown <BR><BR></P></TD></TR></TBODY></TABLE>"
"144","Appetizers","Aubergine & Sesame Pate","<TABLE cellSpacing=2 cellPadding=3 border=0><TBODY><TR><TD><P>1/2 md Aubergine <P>1 Crushed garlic cloves <P>1 1/2 tb Tahini <P>1/4 Juice of 1 lemon <P>1 tb Olive oil <P>Seasoning ----------------------------------GARNISH---------------------------------- Toasted Sesame seeds Cayenne Pepper Flatleaf Parsley 1&gt; Preheat the oven to 200c/400f/Gas 6. Bake the aubergine for <P>25-30 minutes until tender. Cool slightly , then peel and <P>puree the flesh in a blender or processor. 2. Add the garlic, tahini and lemon juice and process until mixed. <P>With the motor running, drizzle in the oil to make a smooth paste. Season to taste. Transfer to a serving dish, garnish and serve cold with pitta bread. <BR><BR></P></TD></TR></TBODY></TABLE>"
"145","Appetizers","Aubergine and Sesame Pate","<TABLE cellSpacing=2 cellPadding=3 border=0><TBODY><TR><TD><P>1/2 md Aubergine <P>1 Crushed garlic cloves <P>1 1/2 tb Tahini <P>1/4 Juice of 1 lemon <P>1 tb Olive oil <P>Seasoning ----------------------------------GARNISH---------------------------------- Toasted Sesame seeds Cayenne Pepper Flatleaf Parsley 1&gt; Preheat the oven to 200c/400f/Gas 6. Bake the aubergine for <P>25-30 minutes until tender. Cool slightly , then peel and <P>puree the flesh in a blender or processor. 2. Add the garlic, tahini and lemon juice and process until mixed. <P>With the motor running, drizzle in the oil to make a smooth paste. Season to taste. Transfer to a serving dish, garnish and serve cold with pitta bread. <BR><BR></P></TD></TR></TBODY></TABLE>"
"146","Appetizers","Aubergine Pate.","<TABLE cellSpacing=2 cellPadding=3 border=0><TBODY><TR><TD><P>2 md Aubergines <P>2 Cloves garlic crushed <P>15 ml 1 tbsp oil <P>30 ml 2 tbsp pomegranate juice or <P>Orange juice. 25 ml Half tsp paprika. <P>pn Chili seasoning. Prick the aubergines with a fork and place on a baking tray. Bake in the oven at 180 c, 350 f, gas mark 4 for 30 minutes or until tender. When the aubergines are cooked, remove the skin while hot. Puree the flesh in a food processor with the garlic, oil, pomegranate juice, paprika and chili. Leave to cool, then serve with pitta bread. <BR><BR></P></TD></TR></TBODY></TABLE>"
"147","Appetizers","AUSSIE: ROSEVILLE TEA SANDWICHES","<TABLE cellSpacing=2 cellPadding=3 border=0><TBODY><TR><TD colSpan=3><B>Ingredients</B></TD><!-- spanned cell --><!-- spanned cell --><TD></TD></TR><TR><TD class=ingredient>1/4</TD><TD class=ingredient>cup</TD><TD class=ingredient>mayonnaise </TD><TD></TD></TR><TR><TD class=ingredient>1</TD><TD class=ingredient>tablespoon</TD><TD class=ingredient>green onion, minced </TD><TD></TD></TR><TR><TD class=ingredient>1</TD><TD class=ingredient>tablespoon</TD><TD class=ingredient>fresh dill, chopped </TD><TD></TD></TR><TR><TD class=ingredient>1</TD><TD class=ingredient>tablespoon</TD><TD class=ingredient>capers </TD><TD></TD></TR><TR><TD class=ingredient>1</TD><TD class=ingredient>pn</TD><TD class=ingredient>pepper </TD><TD></TD></TR><TR><TD class=ingredient>2</TD><TD class=ingredient>teaspoon</TD><TD class=ingredient>horseradish </TD><TD></TD></TR><TR><TD class=ingredient>8</TD><TD class=ingredient>sl</TD><TD class=ingredient>whole wheat bread </TD><TD></TD></TR><TR><TD class=ingredient>2</TD><TD class=ingredient>teaspoon</TD><TD class=ingredient>butter, softened </TD><TD></TD></TR><TR><TD class=ingredient>4</TD><TD class=ingredient>sl</TD><TD class=ingredient>smoked salmon </TD><TD></TD></TR><TR><TD class=ingredient>12</TD><TD class=ingredient>each</TD><TD class=ingredient>cucumber slices, thin </TD><TD></TD></TR><TR><TD></TD><TD></TD><TD></TD><TD></TD></TR><TR><TD colSpan=4><BR><B>Directions:</B><BR><BR></TD><!-- spanned cell --><!-- spanned cell --><!-- spanned cell --></TR><TR><TD colSpan=4>Combine mayonnaise, onion, dill, cappers, horseradish and pepper. Trim crusts from bread. Spread with butter then mayonnaise mixture. Arrange salmon and cucumber over 4 slices of bread. Top with remaining bread. Cut each sandwich into 4 triangles or squares.<BR><BR></TD><!-- spanned cell --><!-- spanned cell --><!-- spanned cell --></TR></TBODY></TABLE>"
"148","Appetizers","Avocado & Orange Salad with Walnuts","<TABLE cellSpacing=2 cellPadding=3 border=0><TBODY><TR><TD><P>1/4 c Walnuts, chopped <P>1 sm Sweet orange, sectioned <P>1/2 md Firm ripe avocado, diced <P>1/2 c Turnip, diced <P>Red leaf lettuce, torn, -- as needed ----------------------------------DRESSING---------------------------------- 1 1/2 tb Walnut oil -=OR=- <P>Peanut oil 1/2 tb Lemon juice -=OR=- <P>Lime juice, to taste 1/2 ts Mint <P>1/2 ts Honey <P>Black pepper, to taste Toast walnuts on a hot, dry skillet, stirring frequently, until they are fragrant. About 8 to 10 minutes. Remove from heat &amp; let cool. Combine salad ingredients in a serving bowl &amp; toss with the walnuts. In a small bowl, stir together the dressing ingredients. Pour over the salad &amp; toss to coat. Serve at once. <BR><BR></P></TD></TR></TBODY></TABLE>"
"149","Appetizers","Avocado Pear with Crab, Pear, Peach and Primroses","<TABLE cellSpacing=2 cellPadding=3 border=0><TBODY><TR><TD><P>2 ea Avocadoes <P>8 oz Crab meat; 225 <P>1 ea Pear; ripe <P>1 ea Peach; ripe <P>1 tb Primrose petals; freshly <P>-picked -----------------------------CREAMY VINAIGRETTE----------------------------- 2 ts Sugar <P>1/2 ts Dry mustard <P>1 ea Garlic clove; crushed <P>3 tb White wine vinegar; or lemon <P>-juice 9 tb Olive oil <P>------------------------TO MAKE ""CREAMY"" TO 6 TB ADD------------------------ 3 tb Heavy cream <P>CREAMY VINAIGRETTE: Put all ingredients in a screw top jar and shake vigourously. Shake well each time before serving. Add 3 Tbsp heavy cream to 6 Tbsp vinaigrette to amke it creamy. (Use this portion immediately as it <P>will not keep.) Halve the avocadoes and remove the stones. Mix the crab meat with the vinaigrette and fill the avocadoes with this mixture. Peel and slice the pear and peach and tuck slices into the crab meat. Decorate the avocadoes with fresh primroses and serve immediately with thin finfers of toast and butter. SERVES:4 <BR><BR></P></TD></TR></TBODY></TABLE>"
